RMSE,MAE,R2
835.3162200627976,408.76934814453125,0.13181215524673462
