RMSE,MAE,R2
18.7628520406472,13.642462730407715,0.9909773468971252
