RMSE,MAE,R2
125.93275813033121,92.13642883300781,0.9081677794456482
