RMSE,MAE,R2
68.46757686694666,52.716331481933594,0.993804931640625
