RMSE,MAE,R2
159.74024936009397,114.15436553955078,0.5913386344909668
