RMSE,MAE,R2
36.63658026715751,27.308895111083984,0.9942720532417297
