RMSE,MAE,R2
946.1778374069011,824.292724609375,0.3194235563278198
