RMSE,MAE,R2
48.87766237153993,36.110652923583984,0.9989358186721802
