RMSE,MAE,R2
73.45267462901708,57.01546096801758,0.9972489476203918
