RMSE,MAE,R2
354.54796264045854,267.8744201660156,0.8572214841842651
